model,horizon_h,year_month,MAE,RMSE,R2,N
lgbm_large,1,2024-01,1.3312413555231972,2.0264493727263666,0.8075222421276339,571
lgbm_large,1,2024-02,1.4692127221799587,2.382861259587551,0.8070076809978806,579
lgbm_large,1,2024-03,1.3633063335113693,2.4561992406382713,0.7679000760920043,631
lgbm_large,1,2024-04,1.3821642280720237,2.2945141949491052,0.6602902524495926,652
lgbm_large,1,2024-05,1.3954237835673498,2.251581096378768,0.6789781432693087,656
lgbm_large,1,2024-06,1.1526225527473823,1.6728725935834248,0.7949109835505306,710
lgbm_large,1,2024-07,1.8069301774479878,4.164233627766286,0.5640967414063804,734
lgbm_large,1,2024-08,1.3752177287348208,2.165771427706718,0.8273138998801254,734
lgbm_large,1,2024-09,0.7679309963109039,1.101183170469484,0.7497570456764919,694
lgbm_large,1,2024-10,1.3014091427482855,2.3000831451604813,0.7664639267736987,664
lgbm_large,1,2024-11,3.142213191222008,10.486203469817085,0.26172228542860043,625
lgbm_large,1,2024-12,1.34836658861266,2.161576049572094,0.7267394283130284,628
lgbm_large,6,2024-01,2.5721065184039835,3.3848550418421484,0.47003664745357254,566
lgbm_large,6,2024-02,2.851391775776293,4.195219581486747,0.3929711950885798,573
lgbm_large,6,2024-03,2.658917655584731,3.9490548276716044,0.3436944239346099,626
lgbm_large,6,2024-04,2.3704678002683512,3.280678888398389,0.3388834656486214,647
lgbm_large,6,2024-05,2.346400776223998,3.435823820764281,0.23642220072514142,651
lgbm_large,6,2024-06,2.1761957810543664,2.933505919285713,0.37711638750936227,710
lgbm_large,6,2024-07,3.3829331803007787,5.996286293538962,0.091602808201384,734
lgbm_large,6,2024-08,2.6901903245259575,3.7792976614036116,0.4753535444188026,734
lgbm_large,6,2024-09,1.4872779001277567,1.9929066449976034,0.17711878761682365,694
lgbm_large,6,2024-10,2.351967228610576,3.5218697552946794,0.39180909778862605,660
lgbm_large,6,2024-11,5.100226158359067,14.02158288660158,-0.2744074776890071,620
lgbm_large,6,2024-12,2.645763437936886,3.6801013282462973,0.21422095398062857,618
lgbm_large,12,2024-01,3.361341312116436,4.20172529895151,0.2317977448671933,560
lgbm_large,12,2024-02,3.936112926331587,5.223729430079882,-0.009119657030477901,567
lgbm_large,12,2024-03,3.1559159091887303,4.5568786861331265,0.08857271487899687,620
lgbm_large,12,2024-04,2.9134850999563335,3.8270190727047666,0.18155496264857052,646
lgbm_large,12,2024-05,2.7312013520616083,3.739405057304936,0.015957935553097324,645
lgbm_large,12,2024-06,2.5994062048318356,3.3094455556825215,0.21962261843690345,710
lgbm_large,12,2024-07,4.132165590589642,7.012350486291609,-0.25085260158299905,734
lgbm_large,12,2024-08,3.5000598919478696,4.670313026403287,0.19635590575377226,734
lgbm_large,12,2024-09,1.6770770523688296,2.268240911787469,-0.035127476649531975,694
lgbm_large,12,2024-10,2.8884174358847288,4.013298396590287,0.29542822799108737,660
lgbm_large,12,2024-11,5.282582442613813,13.71125328153765,-0.2631033312218667,619
lgbm_large,12,2024-12,2.930208517069266,3.91494269509653,0.09408511018552457,606
lgbm_large,24,2024-01,4.276202385075896,5.2727093885644365,-0.16793862295659667,548
lgbm_large,24,2024-02,4.253065124312999,5.3272115752465234,-0.11475422509031086,568
lgbm_large,24,2024-03,4.084063902219426,5.53444683414427,-0.20064100141666485,615
lgbm_large,24,2024-04,3.568111637064498,4.485171464038129,-0.10770732826017149,645
lgbm_large,24,2024-05,2.8086139309739346,3.69678702803021,0.00235461268330861,644
lgbm_large,24,2024-06,3.0409970013572054,3.6810317687960894,0.05109381688757342,710
lgbm_large,24,2024-07,4.428091454675134,6.839125795609562,-0.18047022898291076,734
lgbm_large,24,2024-08,4.110776858230757,5.350157702932661,-0.09681390391594125,734
lgbm_large,24,2024-09,1.8233659118080934,2.1965740934168503,-0.044061276554572704,694
lgbm_large,24,2024-10,3.451564892729803,4.762364012197774,0.10248694690836813,661
lgbm_large,24,2024-11,6.237935049141059,12.768936198665012,-0.1623138129600401,617
lgbm_large,24,2024-12,3.6966152584139653,4.556664340529413,-0.19789953720342846,593
lgbm_large,48,2024-01,4.553588113822258,5.437847044105435,-0.2674906603904763,528
lgbm_large,48,2024-02,5.084061077811405,6.214027837949289,-0.39080556133819266,561
lgbm_large,48,2024-03,4.23360604597274,5.5037878409554075,-0.13328134915807022,632
lgbm_large,48,2024-04,4.0641906334393605,4.934319491913276,-0.33107352310140015,645
lgbm_large,48,2024-05,3.559955406734251,4.627334726836682,-0.7264567761722653,644
lgbm_large,48,2024-06,3.773107505759224,4.409934694415745,-0.34737373210768885,710
lgbm_large,48,2024-07,4.298226428133395,6.606588395762936,-0.08864806032002592,734
lgbm_large,48,2024-08,5.3400604989179214,6.647642010408289,-0.7728488352912042,734
lgbm_large,48,2024-09,1.9499440503331822,2.3347230749753374,-0.1751524418270234,693
lgbm_large,48,2024-10,3.7635570289687803,5.087053028106774,-0.042753382741192114,663
lgbm_large,48,2024-11,6.911272364612605,12.916321447543375,-0.5279717753408304,616
lgbm_large,48,2024-12,3.6741417458119523,4.449928310649616,-0.3078657061045089,569
lgbm_large,72,2024-01,4.066924150904269,5.000545273739324,-0.3991694503655623,530
lgbm_large,72,2024-02,4.990369824275892,5.958898024895514,-0.2610160326934874,560
lgbm_large,72,2024-03,4.0540736355232045,5.260424622411858,-0.13661652137774283,633
lgbm_large,72,2024-04,4.155110473357454,5.070803520167939,-0.389547158849751,646
lgbm_large,72,2024-05,3.473616743435901,4.44054583376959,-0.3658475545866442,643
lgbm_large,72,2024-06,4.648897520808598,6.561774308295775,-2.2425852658197756,710
lgbm_large,72,2024-07,4.917445853684349,7.297944707246853,-0.32749261360459503,734
lgbm_large,72,2024-08,5.221698853077999,7.270931287347178,-1.0650158275370223,734
lgbm_large,72,2024-09,2.005728121009065,2.512646154582369,-0.41966443669278863,693
lgbm_large,72,2024-10,3.6578817649868154,4.9837571051777365,0.0413073159340408,662
lgbm_large,72,2024-11,6.38303769590359,10.030705026308409,-0.38151156424157295,618
lgbm_large,72,2024-12,4.479730502820724,5.43195303341886,-0.6031761496756722,545
lgbm_medium,1,2024-01,1.2753637587799629,1.921385401780216,0.8269633859956862,571
lgbm_medium,1,2024-02,1.394008492202641,2.3074876965007407,0.8190238689352366,579
lgbm_medium,1,2024-03,1.3324057834251066,2.3776553543401167,0.7825068323090132,631
lgbm_medium,1,2024-04,1.344293866045133,2.234753143259856,0.677755417661369,652
lgbm_medium,1,2024-05,1.4080440682706146,2.2874862249608405,0.6686580760728433,656
lgbm_medium,1,2024-06,1.1206537005935793,1.6139558599151307,0.8091026164779409,710
lgbm_medium,1,2024-07,1.812776452375182,4.324545853538281,0.5298884142173466,734
lgbm_medium,1,2024-08,1.3086749382940959,2.086399453157398,0.8397392900632213,734
lgbm_medium,1,2024-09,0.7407961591139022,1.0794877541531558,0.7595204404327944,694
lgbm_medium,1,2024-10,1.2844528275151699,2.2699987373562616,0.7725331393767133,664
lgbm_medium,1,2024-11,3.1380582962842216,10.249217772287697,0.294715011211781,625
lgbm_medium,1,2024-12,1.3210796054676857,2.127651587678622,0.7352493976750425,628
lgbm_medium,6,2024-01,2.5821523660030916,3.395526369750853,0.46668978180227305,566
lgbm_medium,6,2024-02,2.7550235880788594,4.104949754020925,0.41881339433944453,573
lgbm_medium,6,2024-03,2.591628790391088,3.8965857590299082,0.36101855782423886,626
lgbm_medium,6,2024-04,2.363340447724449,3.241522549242938,0.3545707171917465,647
lgbm_medium,6,2024-05,2.2881488753031953,3.4016381951934167,0.25154144133615,651
lgbm_medium,6,2024-06,2.1118697389254026,2.8629248095145137,0.4067293666102214,710
lgbm_medium,6,2024-07,3.295336490252525,5.954282716190683,0.10428475499147527,734
lgbm_medium,6,2024-08,2.608958997639367,3.7066168541565614,0.49533877445054886,734
lgbm_medium,6,2024-09,1.3830010508052932,1.8958808923093098,0.2552931725808001,694
lgbm_medium,6,2024-10,2.3110400405066445,3.4686579188320197,0.4100485396455543,660
lgbm_medium,6,2024-11,4.989626678078886,13.656101040860001,-0.20883678390230465,620
lgbm_medium,6,2024-12,2.6127184617358905,3.6204754989587715,0.23947741509349785,618
lgbm_medium,12,2024-01,3.326089391459018,4.192232697039935,0.23526489243605697,560
lgbm_medium,12,2024-02,3.764059971476426,5.077295565248213,0.046663524984907556,567
lgbm_medium,12,2024-03,3.1033875340284567,4.501222072611657,0.11070065650313321,620
lgbm_medium,12,2024-04,2.844397461932555,3.725585583513515,0.22436507655706894,646
lgbm_medium,12,2024-05,2.7307045077685457,3.7731890274373874,-0.0019032075388083491,645
lgbm_medium,12,2024-06,2.5091872346881647,3.1943498562499633,0.27295858372349713,710
lgbm_medium,12,2024-07,3.9150377546145414,6.936099608274596,-0.2237974663631741,734
lgbm_medium,12,2024-08,3.488595344309571,4.624975727110027,0.21188300428635365,734
lgbm_medium,12,2024-09,1.639097289013937,2.1878350396649706,0.03695933696815634,694
lgbm_medium,12,2024-10,2.9178490564019324,4.10360287019052,0.263363920467383,660
lgbm_medium,12,2024-11,5.862449506895367,15.455383306559055,-0.604885800083556,619
lgbm_medium,12,2024-12,2.926048484144452,3.8556899170732106,0.1212996924314822,606
lgbm_medium,24,2024-01,3.9766682427159443,4.804656539327844,0.030211466169638768,548
lgbm_medium,24,2024-02,4.3394349701750405,5.364070108104462,-0.13023337307805893,568
lgbm_medium,24,2024-03,4.095493505433977,5.434178478576146,-0.15753072332794704,615
lgbm_medium,24,2024-04,3.556269425989633,4.500519786993609,-0.11530148137424945,645
lgbm_medium,24,2024-05,2.8281743363055902,3.7356807832752295,-0.018748195416684377,644
lgbm_medium,24,2024-06,2.975577745047069,3.6653900285365553,0.05914102207521621,710
lgbm_medium,24,2024-07,4.4731713631499375,7.016546102589185,-0.24251208362101329,734
lgbm_medium,24,2024-08,4.300863561587228,5.508731708923874,-0.16279464482040185,734
lgbm_medium,24,2024-09,1.8244258224636667,2.1937879958369746,-0.041414416763037476,694
lgbm_medium,24,2024-10,3.3906871723633705,4.695084714820366,0.12766667528287878,661
lgbm_medium,24,2024-11,7.040587618758055,13.737282867307195,-0.345289173181615,617
lgbm_medium,24,2024-12,3.80984790398462,4.672735554888702,-0.2597046370928946,593
lgbm_medium,48,2024-01,4.4880616818602626,5.344331528366132,-0.22427103618961497,528
lgbm_medium,48,2024-02,4.9368294048645405,6.142774668800294,-0.3590930729974031,561
lgbm_medium,48,2024-03,4.229487448791901,5.454552939379719,-0.11309618672596322,632
lgbm_medium,48,2024-04,3.9790811054763395,4.808471477912418,-0.2640422815044421,645
lgbm_medium,48,2024-05,3.313314187857886,4.263367982758212,-0.4655462086025042,644
lgbm_medium,48,2024-06,3.700814336568641,4.306180777243041,-0.28471938087470106,710
lgbm_medium,48,2024-07,4.3632187134724925,6.680692963366854,-0.11320725442352542,734
lgbm_medium,48,2024-08,4.5027977918628155,5.610674734810075,-0.26289325424392973,734
lgbm_medium,48,2024-09,1.890269012312162,2.2981400675943955,-0.13861380575396542,693
lgbm_medium,48,2024-10,3.7455103820650106,5.126327927173787,-0.058916818692579254,663
lgbm_medium,48,2024-11,6.921772218540524,12.89514875958754,-0.5229665183382954,616
lgbm_medium,48,2024-12,3.7243153243347837,4.490001012134948,-0.3315270730017452,569
lgbm_medium,72,2024-01,4.175474973434371,5.07282545128375,-0.439910256200569,530
lgbm_medium,72,2024-02,4.721191899480483,5.655161555030084,-0.135739509387784,560
lgbm_medium,72,2024-03,4.277553680233661,5.4990547101800455,-0.24207677643247605,633
lgbm_medium,72,2024-04,4.107130018369525,5.020654524226843,-0.3621985093444684,646
lgbm_medium,72,2024-05,3.4765058619991516,4.406409037141338,-0.3449283054557222,643
lgbm_medium,72,2024-06,4.527401461534612,6.247618168874016,-1.9395292486717315,710
lgbm_medium,72,2024-07,4.78168330763085,7.116813135080536,-0.26241487043014966,734
lgbm_medium,72,2024-08,5.3608804374065295,7.184423640865885,-1.0161701025251726,734
lgbm_medium,72,2024-09,1.9944809303182296,2.438725096345546,-0.33736124007522394,693
lgbm_medium,72,2024-10,3.6465502206160263,4.942435415798218,0.05713897542624813,662
lgbm_medium,72,2024-11,6.415764389245464,10.06780001187448,-0.39174851389920695,618
lgbm_medium,72,2024-12,4.281351604367687,5.051750625886837,-0.3866058837761954,545
lgbm_small,1,2024-01,1.2471346262529273,1.895990337742341,0.8315072283584142,571
lgbm_small,1,2024-02,1.3742618178703596,2.3131472378766014,0.8181350252157776,579
lgbm_small,1,2024-03,1.3083672131186126,2.3243995614444475,0.7921407374234243,631
lgbm_small,1,2024-04,1.3360331354133408,2.2484914056124543,0.6737812082659449,652
lgbm_small,1,2024-05,1.3868381295918202,2.225791273221049,0.6862900559052232,656
lgbm_small,1,2024-06,1.0932921305386372,1.5685502059418386,0.8196926136736489,710
lgbm_small,1,2024-07,1.7484016427681697,4.12093402110689,0.5731146368079101,734
lgbm_small,1,2024-08,1.2526274402378368,1.9925267445290908,0.8538359862076425,734
lgbm_small,1,2024-09,0.7342692965951383,1.0722353882402786,0.7627408330820658,694
lgbm_small,1,2024-10,1.252868889967914,2.2222223849413374,0.7820073059820478,664
lgbm_small,1,2024-11,3.0560476786830777,10.390839266235329,0.27508939675111854,625
lgbm_small,1,2024-12,1.317789735274176,2.1268658878408564,0.7354448959405189,628
lgbm_small,6,2024-01,2.4724733889383232,3.285068680958484,0.5008229647910925,566
lgbm_small,6,2024-02,2.6670579584687872,3.9593217089339525,0.45931852747037916,573
lgbm_small,6,2024-03,2.5266284102036876,3.847449628157251,0.3770321237465666,626
lgbm_small,6,2024-04,2.3052778682621122,3.2267802926111133,0.36042811719754453,647
lgbm_small,6,2024-05,2.2969643356335476,3.40523504709691,0.2499577820923916,651
lgbm_small,6,2024-06,2.0818056252164236,2.792456801059142,0.43557545171381773,710
lgbm_small,6,2024-07,3.251588310750398,5.891656347263682,0.12302769819115011,734
lgbm_small,6,2024-08,2.4417164376065794,3.504929920601142,0.5487645374740004,734
lgbm_small,6,2024-09,1.3477264263819038,1.8528543420767367,0.28871148626775256,694
lgbm_small,6,2024-10,2.32047610280777,3.4420511546342274,0.41906441727593213,660
lgbm_small,6,2024-11,5.268599546266824,14.00004863478127,-0.2704960308765565,620
lgbm_small,6,2024-12,2.5115273021518574,3.5732087008856044,0.25920565961172826,618
lgbm_small,12,2024-01,3.2616851130302624,4.104733548126892,0.26685444091938615,560
lgbm_small,12,2024-02,3.6899503999781653,5.111121619576397,0.03391853848423931,567
lgbm_small,12,2024-03,3.0984724158050656,4.489200325261385,0.11544454841597218,620
lgbm_small,12,2024-04,2.87373305957689,3.770227002323409,0.20566579266680118,646
lgbm_small,12,2024-05,2.7353738621768113,3.7701834417024207,-0.0003076836369531044,645
lgbm_small,12,2024-06,2.527269423836376,3.2191228314158993,0.261638083736049,710
lgbm_small,12,2024-07,3.7670522815040246,6.709590767604433,-0.14517266213290014,734
lgbm_small,12,2024-08,3.556459114141707,4.640069146829788,0.20673063534329095,734
lgbm_small,12,2024-09,1.6145135756653182,2.1698897141235842,0.052692882978864874,694
lgbm_small,12,2024-10,2.8285258161098934,3.9924095242046085,0.30274361108778747,660
lgbm_small,12,2024-11,7.046494597084464,15.695751492155265,-0.6551936122819229,619
lgbm_small,12,2024-12,2.8587609126249918,3.750237177225687,0.1687071434628733,606
lgbm_small,24,2024-01,3.9043395750496988,4.768847532025931,0.04461322578786897,548
lgbm_small,24,2024-02,4.261940534628506,5.304929659474638,-0.10544845108648193,568
lgbm_small,24,2024-03,3.8337392838189253,5.167399381028487,-0.046667618580341186,615
lgbm_small,24,2024-04,3.4870905695531467,4.345783387359173,-0.03992753838501595,645
lgbm_small,24,2024-05,2.784337067737483,3.675428533524321,0.01384926920732743,644
lgbm_small,24,2024-06,2.940699400514012,3.62071458826983,0.08193648358021344,710
lgbm_small,24,2024-07,4.411229845508017,7.038058062194053,-0.2501425739646379,734
lgbm_small,24,2024-08,4.0141224101302875,5.150110206649877,-0.016325506506495335,734
lgbm_small,24,2024-09,1.8793789189600807,2.263703902031763,-0.10885181823195444,694
lgbm_small,24,2024-10,3.3173602462076275,4.655456322656557,0.14233021401947132,661
lgbm_small,24,2024-11,6.721949672473375,13.138863280316388,-0.23063582041787267,617
lgbm_small,24,2024-12,3.6996180356065995,4.615610474151107,-0.22909264912114136,593
lgbm_small,48,2024-01,4.251623994294724,5.124878358708822,-0.12579137238664795,528
lgbm_small,48,2024-02,4.836874887448262,6.076749304075044,-0.33003377448475235,561
lgbm_small,48,2024-03,4.146237608402119,5.440887564302198,-0.10752585931827019,632
lgbm_small,48,2024-04,3.9038073944490206,4.7036166254242175,-0.20951524306170488,645
lgbm_small,48,2024-05,3.2111183097628233,4.084015022760983,-0.3448335633823154,644
lgbm_small,48,2024-06,3.68721635099492,4.43552130379753,-0.36305411724109904,710
lgbm_small,48,2024-07,4.439421308464517,6.785446012239634,-0.14839105634806793,734
lgbm_small,48,2024-08,4.586676877725646,5.650143553991105,-0.28072363194324823,734
lgbm_small,48,2024-09,1.8783726424086808,2.2964054464613026,-0.1368956178896299,693
lgbm_small,48,2024-10,3.599392869530306,4.962265824543067,0.007777368659402595,663
lgbm_small,48,2024-11,6.812288173359831,13.029740934371324,-0.5549241340759579,616
lgbm_small,48,2024-12,3.6842156156432813,4.365696950758009,-0.25882191247665953,569
lgbm_small,72,2024-01,4.087433953318932,4.884793444990375,-0.3351436519548867,530
lgbm_small,72,2024-02,5.044786236525742,6.148314092168801,-0.3424582648416128,560
lgbm_small,72,2024-03,4.285993172815008,5.528648267405608,-0.2554813990758291,633
lgbm_small,72,2024-04,3.972075101534389,4.857833642526327,-0.2752783907062839,646
lgbm_small,72,2024-05,3.3838212644926915,4.273278162879374,-0.2648873298375094,643
lgbm_small,72,2024-06,4.097746403769097,5.249045978624446,-1.0749592941853159,710
lgbm_small,72,2024-07,4.820756634325079,7.064525315190608,-0.24393288036049965,734
lgbm_small,72,2024-08,4.978145814801371,6.890911732591974,-0.8547982512068375,734
lgbm_small,72,2024-09,2.0568520108533033,2.4383373461062177,-0.33693600074280083,693
lgbm_small,72,2024-10,3.6312427202858992,4.910718841272951,0.06920119516382761,662
lgbm_small,72,2024-11,6.1147059054724355,10.024325978386237,-0.3797549726134395,618
lgbm_small,72,2024-12,4.180844998600903,4.999064321928718,-0.35783400373816665,545
persistence,1,2024-01,0.7887931034482759,1.3087679562162235,0.9098458753387008,696
persistence,1,2024-02,0.8674851190476192,1.5944017108232762,0.9110804784371235,672
persistence,1,2024-03,0.7949515905947441,1.478643494449935,0.9087668363363708,723
persistence,1,2024-04,0.9415254237288135,1.910018561154525,0.7694651847646251,708
persistence,1,2024-05,0.8878954607977991,1.496492919845323,0.8550234483412804,727
persistence,1,2024-06,0.7114206128133704,1.0816879154904644,0.9140409912544444,718
persistence,1,2024-07,1.1002695417789756,2.6862959598353076,0.8178887023252883,742
persistence,1,2024-08,0.7285714285714286,1.2748103817564251,0.9399101060416275,742
persistence,1,2024-09,0.46559440559440557,0.6977486272671175,0.9023052090988978,715
persistence,1,2024-10,0.7960164835164835,1.536796832861945,0.9025840877930393,728
persistence,1,2024-11,1.995014245014245,8.006902293052184,0.5819847528998994,702
persistence,1,2024-12,0.7618585298196949,1.3216064280352653,0.8913150583060151,721
persistence,6,2024-01,2.085672937771346,3.001417899369733,0.5292595349219553,691
persistence,6,2024-02,2.495550527903469,3.9846012989146375,0.4469684199586056,663
persistence,6,2024-03,2.4561977715877434,4.253972009211298,0.24514019809977405,718
persistence,6,2024-04,2.2965860597439547,3.571450132021894,0.20024677136066682,703
persistence,6,2024-05,2.5313019390581717,3.858858571350369,0.03310892998138082,722
persistence,6,2024-06,2.0690807799442896,2.8149236694134276,0.4265983725413911,718
persistence,6,2024-07,2.996900269541779,6.072134888358944,0.05962854029258391,742
persistence,6,2024-08,2.0226415094339623,3.1360470508462233,0.637395037989545,742
persistence,6,2024-09,1.234593837535014,1.8329156641626405,0.332967105984868,714
persistence,6,2024-10,2.275966850828729,3.7986221695162485,0.3825380725526738,724
persistence,6,2024-11,5.337015781922525,17.308361651823123,-0.9420352918468209,697
persistence,6,2024-12,2.288888888888889,3.538355240207966,0.22604751848397575,711
persistence,12,2024-01,3.183722627737226,4.429823858355814,0.03226489240954067,685
persistence,12,2024-02,3.444832826747721,5.208864025648007,0.011098246124797262,658
persistence,12,2024-03,3.178862359550562,5.44966207332924,-0.23510030344820954,712
persistence,12,2024-04,2.922142857142857,4.254915644622951,-0.04427293308664604,700
persistence,12,2024-05,3.1181564245810063,4.4809357188204695,-0.4083459313717379,716
persistence,12,2024-06,2.7051532033426184,3.5366830139195504,0.10706370720633396,718
persistence,12,2024-07,3.879245283018868,7.2571565199268635,-0.3507196589706909,742
persistence,12,2024-08,2.9564690026954175,4.315098390997501,0.31280884296277955,742
persistence,12,2024-09,1.6308123249299722,2.410443547407426,-0.16452784983124036,714
persistence,12,2024-10,2.749930939226519,4.289098267733702,0.2216458418734676,724
persistence,12,2024-11,5.840172166427547,17.595771958564093,-1.0162193799712065,697
persistence,12,2024-12,2.7470672389127326,4.076001856008652,-0.0224046463321812,699
persistence,24,2024-01,4.33848439821694,5.602806556323181,-0.45142173849537603,673
persistence,24,2024-02,4.443996960486322,6.537303816208204,-0.6406952921486113,658
persistence,24,2024-03,4.3793201133144475,6.709870219083266,-0.8276431440343741,706
persistence,24,2024-04,3.562214285714285,4.921020872600667,-0.3770950727424518,700
persistence,24,2024-05,3.456442577030812,4.8763678681406075,-0.7744640848756597,714
persistence,24,2024-06,3.0190807799442894,3.899388388582744,-0.07094282401268104,718
persistence,24,2024-07,4.665902964959568,7.928786816238565,-0.6000736734638397,742
persistence,24,2024-08,3.9506738544474387,5.47750299712907,-0.14275524644237625,742
persistence,24,2024-09,1.9109243697478993,2.6229433720103663,-0.4255779511289177,714
persistence,24,2024-10,3.510220994475138,5.20428796855713,-0.10895570562625201,724
persistence,24,2024-11,6.136063218390806,17.68663694535458,-1.025759999343944,696
persistence,24,2024-12,3.238011695906433,4.5044503659620005,-0.22204662256454744,684
persistence,48,2024-01,5.131748466257668,6.542383057695387,-0.8248478310988843,652
persistence,48,2024-02,5.330525502318393,7.174746682192491,-1.047709952164043,647
persistence,48,2024-03,4.855927475592748,7.092028546064016,-0.922673862948268,717
persistence,48,2024-04,3.8732142857142855,5.267896367892704,-0.594076035633003,700
persistence,48,2024-05,3.954615384615385,5.266465687646777,-1.1899998427138252,715
persistence,48,2024-06,3.9678969359331475,5.10746729258708,-0.8185333012828964,718
persistence,48,2024-07,5.534703504043127,8.412642704740767,-0.7750303351659609,742
persistence,48,2024-08,5.437196765498652,6.783264347064496,-0.8536405210489102,742
persistence,48,2024-09,2.0889200561009815,2.729440551156984,-0.5786398653029141,713
persistence,48,2024-10,4.528344827586206,6.670604842554926,-0.7862469733355679,725
persistence,48,2024-11,6.441510791366907,17.671278876252906,-1.0259915399864372,695
persistence,48,2024-12,3.9826021180030255,5.562856339195674,-0.7921668287919206,661
persistence,72,2024-01,5.25229709035222,7.033874773824438,-1.0652231679666002,653
persistence,72,2024-02,5.45328125,7.677053878279089,-1.273931115281862,640
persistence,72,2024-03,4.727693370165746,7.591760718114407,-1.2806289908037876,724
persistence,72,2024-04,4.381571428571428,5.61345004685812,-0.7885166841494371,700
persistence,72,2024-05,4.4602240896358545,5.925393414351991,-1.509191590834631,714
persistence,72,2024-06,4.036281337047354,5.29462563218196,-1.1031099467173475,718
persistence,72,2024-07,6.038207547169812,9.210167935289041,-1.133442370388046,742
persistence,72,2024-08,6.075336927223719,7.606071574593791,-1.2651288707320276,742
persistence,72,2024-09,2.3373772791023844,3.024660796068924,-0.9276571675685612,713
persistence,72,2024-10,5.33696551724138,7.426506581159139,-1.1865255801253127,725
persistence,72,2024-11,5.546402877697842,13.746106185091055,-0.3335020435348621,695
persistence,72,2024-12,4.291444270015699,5.982836190754375,-1.06353450626731,637
rf_stable,1,2024-01,1.2410635776203718,1.8733317632429498,0.835510406066899,571
rf_stable,1,2024-02,1.3936612177907126,2.3381637804221063,0.8141800371357384,579
rf_stable,1,2024-03,1.3380972624473584,2.3470657576901126,0.7880671261284025,631
rf_stable,1,2024-04,1.3614499491241923,2.245333671180353,0.6746968346048898,652
rf_stable,1,2024-05,1.3872748584309833,2.207297724301471,0.6914814754200898,656
rf_stable,1,2024-06,1.097907964779496,1.5717130946811575,0.8189647221724187,710
rf_stable,1,2024-07,1.6643669228742777,3.9608310994209432,0.6056402448047371,734
rf_stable,1,2024-08,1.2393047851775025,1.9407188898768686,0.8613380166095732,734
rf_stable,1,2024-09,0.7537704147323868,1.087698308186248,0.7558483667223189,694
rf_stable,1,2024-10,1.2970690279899202,2.2227287065662082,0.7819079576990796,664
rf_stable,1,2024-11,3.3227607673504287,10.867051058800882,0.20712155081122463,625
rf_stable,1,2024-12,1.3314765845869059,2.1600257474444398,0.7271312577171394,628
rf_stable,6,2024-01,2.497405876274128,3.321752652786305,0.48961221645532205,566
rf_stable,6,2024-02,2.7612403715827143,4.069823738025316,0.4287172551555638,573
rf_stable,6,2024-03,2.6439228580967233,4.031995284323041,0.3158366617152486,626
rf_stable,6,2024-04,2.3454984073465632,3.2731809663889266,0.34190194799495655,647
rf_stable,6,2024-05,2.400082405066392,3.4898734274817573,0.21220925875034435,651
rf_stable,6,2024-06,2.0744343542241577,2.7730228954791514,0.44340426000701194,710
rf_stable,6,2024-07,2.9179057113620055,5.651377742325288,0.1930999610911922,734
rf_stable,6,2024-08,2.3723591229224628,3.4136251046352704,0.5719680445256319,734
rf_stable,6,2024-09,1.4129844532492173,1.8997723139604898,0.2522329145022485,694
rf_stable,6,2024-10,2.308358840781181,3.4399009662681257,0.41978999090832314,660
rf_stable,6,2024-11,4.961211242646666,13.62302927727173,-0.2029888547950207,620
rf_stable,6,2024-12,2.5201465956940283,3.5369616397270116,0.27415884425305226,618
rf_stable,12,2024-01,3.450207068437798,4.312996940936027,0.1905713604431878,560
rf_stable,12,2024-02,3.471869065514594,4.783110489047134,0.15393808827898625,567
rf_stable,12,2024-03,3.2657666967177685,4.7187365508837225,0.022676021285960024,620
rf_stable,12,2024-04,2.8128733899983205,3.706866226229789,0.23213991372088316,646
rf_stable,12,2024-05,2.7773626723760216,3.764138136267861,0.002897633771054786,645
rf_stable,12,2024-06,2.49762687337071,3.212620625010082,0.264617860001813,710
rf_stable,12,2024-07,3.4773832249974195,6.198295423368635,0.022710009855641755,734
rf_stable,12,2024-08,3.196297128649792,4.316210070533036,0.3136005530334569,734
rf_stable,12,2024-09,1.7086536267064345,2.2541116765904743,-0.022271693098055545,694
rf_stable,12,2024-10,2.854213562356573,3.9470426866809385,0.3184998073377351,660
rf_stable,12,2024-11,5.654039141130415,13.762561485480973,-0.27257421161158857,619
rf_stable,12,2024-12,2.805765741398667,3.7285366376907856,0.1782997693981626,606
rf_stable,24,2024-01,3.901612150316346,4.629867096966991,0.0994882190676799,548
rf_stable,24,2024-02,4.021523619513822,5.125938518354784,-0.03211008505083779,568
rf_stable,24,2024-03,4.090783240753983,5.415222817075697,-0.14946934230918307,615
rf_stable,24,2024-04,3.498374265291451,4.30815446877451,-0.02199662396956903,645
rf_stable,24,2024-05,2.8957848759422204,3.7239468159466687,-0.012358364629747598,644
rf_stable,24,2024-06,2.804627229622236,3.468406177775999,0.15755016896300755,710
rf_stable,24,2024-07,3.9103263173880793,6.602463109279052,-0.10018525822898972,734
rf_stable,24,2024-08,3.9166344142711393,4.930639082529158,0.06844991971498604,734
rf_stable,24,2024-09,1.9013258522528875,2.2897763322396427,-0.13454153069369057,694
rf_stable,24,2024-10,3.500644828354051,4.727923130646276,0.11542143395086313,661
rf_stable,24,2024-11,6.598473892937966,13.546849125992738,-0.3082494265988429,617
rf_stable,24,2024-12,3.353302873187836,4.275177447369155,-0.05447093067527531,593
rf_stable,48,2024-01,4.2194934408479225,4.913053423904244,-0.0346507239661209,528
rf_stable,48,2024-02,4.594290616112726,5.6791761657064646,-0.16169122980618011,561
rf_stable,48,2024-03,4.418111983747241,5.56036434761531,-0.15670036507420626,632
rf_stable,48,2024-04,3.944652444891047,4.66619411311161,-0.19034572162016716,645
rf_stable,48,2024-05,3.186271531367896,4.008329931335547,-0.2954504343235618,644
rf_stable,48,2024-06,3.4822649783897437,4.0683337307648735,-0.14671872132189612,710
rf_stable,48,2024-07,4.041145602080603,6.5426706577307145,-0.06768495184369883,734
rf_stable,48,2024-08,4.6306916619953515,5.709789883694808,-0.30790654339552814,734
rf_stable,48,2024-09,2.117331016276806,2.43607749923058,-0.2793979689926618,693
rf_stable,48,2024-10,3.8157602573672977,5.001840034241583,-0.00811174462179487,663
rf_stable,48,2024-11,7.37538570224968,13.36464523173223,-0.6358840277708815,616
rf_stable,48,2024-12,3.7718240251621005,4.4049152740797375,-0.2815402242791425,569
rf_stable,72,2024-01,3.967556690171462,4.646695571261136,-0.20815881792113378,530
rf_stable,72,2024-02,4.699115322958576,5.828879012825003,-0.20658739354205546,560
rf_stable,72,2024-03,4.3085818064465355,5.351824645589618,-0.17645714327622253,633
rf_stable,72,2024-04,3.8688955770455995,4.661753151804351,-0.17440602475173494,646
rf_stable,72,2024-05,3.4205505258290967,4.244282149475619,-0.24777996865420548,643
rf_stable,72,2024-06,3.6178215311941497,4.3928003468507875,-0.45322130883638323,710
rf_stable,72,2024-07,4.5152375480185505,6.982403530572342,-0.2151807031049484,734
rf_stable,72,2024-08,4.678240062598236,5.764172386003158,-0.297828254919805,734
rf_stable,72,2024-09,2.134720174708172,2.4503636655221412,-0.35015654238849603,693
rf_stable,72,2024-10,3.912525634825363,5.13963162798027,-0.019599616703992684,662
rf_stable,72,2024-11,6.570145242791741,10.264257483359426,-0.4465940751822335,618
rf_stable,72,2024-12,3.9845280510031644,4.700349417501849,-0.20040976269590294,545
ridge_lag,1,2024-01,1.2640916698557894,1.9005884381787947,0.8306889898706844,571
ridge_lag,1,2024-02,1.4132364948810547,2.357369992698582,0.8111147638191885,579
ridge_lag,1,2024-03,1.3240164300248323,2.305757195560756,0.7954615512952907,631
ridge_lag,1,2024-04,1.4037185040468156,2.3318184717448207,0.6491544377826639,652
ridge_lag,1,2024-05,1.4085053853228768,2.2401767297049124,0.6822218898708756,656
ridge_lag,1,2024-06,1.1329489525921363,1.5891692787715803,0.8149210650980653,710
ridge_lag,1,2024-07,1.7253935447636064,3.7363628031980434,0.6490719998317249,734
ridge_lag,1,2024-08,1.205505738237257,1.8923524590271315,0.8681633376725861,734
ridge_lag,1,2024-09,0.7634370618280487,1.0814803057120472,0.7586318520243306,694
ridge_lag,1,2024-10,1.295925256648999,2.185116364689059,0.78922648334132,664
ridge_lag,1,2024-11,3.0948044276508395,11.193796217697944,0.15872498468526808,625
ridge_lag,1,2024-12,1.299082677710559,2.0926286500067115,0.7438936969590887,628
ridge_lag,6,2024-01,2.5539594332122078,3.3761453104632655,0.47276048629908385,566
ridge_lag,6,2024-02,2.752412708022044,4.074495379009854,0.4274049822935103,573
ridge_lag,6,2024-03,2.687919347191467,4.167188270608511,0.26918742548109864,626
ridge_lag,6,2024-04,2.452309527562725,3.388903703829978,0.29454546760196565,647
ridge_lag,6,2024-05,2.611790265176803,3.7711267636966963,0.08011448018422518,651
ridge_lag,6,2024-06,2.103602913995026,2.7679116805678534,0.4454541952018114,710
ridge_lag,6,2024-07,2.981877142602925,5.784505055066717,0.15463653870935068,734
ridge_lag,6,2024-08,2.325315624075255,3.2624753663953285,0.6090339666551954,734
ridge_lag,6,2024-09,1.4313550827582053,1.898939555206682,0.2528883331546464,694
ridge_lag,6,2024-10,2.432208099791174,3.6093566299647915,0.36121761955758547,660
ridge_lag,6,2024-11,5.334823747767512,15.048696098249549,-0.467952380871584,620
ridge_lag,6,2024-12,2.3343971185355388,3.272394993246307,0.3786842983535924,618
ridge_lag,12,2024-01,3.443487644727552,4.400296921838541,0.1574722153706546,560
ridge_lag,12,2024-02,3.3601643194318123,4.826632229049369,0.13847132891685632,567
ridge_lag,12,2024-03,3.261351580396837,4.887816074057594,-0.04861677883882276,620
ridge_lag,12,2024-04,2.9470555487998458,3.9062523374004954,0.14731454369831964,646
ridge_lag,12,2024-05,2.980391057614647,4.030862758921213,-0.1434170523944005,645
ridge_lag,12,2024-06,2.4718026983177492,3.1841282332615197,0.2776040693238906,710
ridge_lag,12,2024-07,3.508424499703568,6.363410184629341,-0.030051038844043587,734
ridge_lag,12,2024-08,3.1187220164812954,4.1822312391805285,0.3555520287339976,734
ridge_lag,12,2024-09,1.7994341514097412,2.3202753285530253,-0.08316476036277987,694
ridge_lag,12,2024-10,2.9057664434969728,4.046729355885282,0.28364110778862583,660
ridge_lag,12,2024-11,5.507806556905248,13.904370819379299,-0.29893451462499,619
ridge_lag,12,2024-12,2.5928868141873602,3.485415765390533,0.28196475621692374,606
ridge_lag,24,2024-01,4.048670592206457,4.939624774259748,-0.025038718194186238,548
ridge_lag,24,2024-02,3.9016342736474052,5.279423067605302,-0.09484381002285902,568
ridge_lag,24,2024-03,4.066836433467392,5.576570310045887,-0.2189870588599112,615
ridge_lag,24,2024-04,3.4540083589159885,4.29574295108646,-0.016116492415145345,645
ridge_lag,24,2024-05,3.1826245915139526,4.088210097502603,-0.2200952851242104,644
ridge_lag,24,2024-06,2.7277927617934035,3.3467417009627596,0.21561634441734312,710
ridge_lag,24,2024-07,3.944460136088319,6.678762927643573,-0.12576025143557001,734
ridge_lag,24,2024-08,3.8237404411910925,4.8237893010209865,0.10838690175020715,734
ridge_lag,24,2024-09,2.1427786439865897,2.543691678323712,-0.4001134010000822,694
ridge_lag,24,2024-10,3.5088082849729165,4.7470751713134565,0.10824035346871441,661
ridge_lag,24,2024-11,5.563399761438422,13.580920861633631,-0.3148384692224728,617
ridge_lag,24,2024-12,3.1175205651268927,4.083763231587401,0.03783970729767083,593
ridge_lag,48,2024-01,4.380495040998215,5.116183116111894,-0.1219744136136598,528
ridge_lag,48,2024-02,4.1490826621128996,5.271868474081545,-0.0010347708919937748,561
ridge_lag,48,2024-03,4.2952173355504195,5.501473573001219,-0.13232849073516184,632
ridge_lag,48,2024-04,3.9031664260393093,4.5918556259846675,-0.15272035497683278,645
ridge_lag,48,2024-05,3.186600724170759,3.893619024300928,-0.22236466695389923,644
ridge_lag,48,2024-06,3.3409475330603846,3.9710662992392396,-0.09254173451362613,710
ridge_lag,48,2024-07,4.100947299246456,6.575406555883367,-0.07839588838897082,734
ridge_lag,48,2024-08,4.424068188099466,5.3286354893709955,-0.13911739736740913,734
ridge_lag,48,2024-09,2.582571985663403,2.8763950953311523,-0.7836947545691217,693
ridge_lag,48,2024-10,4.205662778956484,5.249951547032264,-0.11060511223540592,663
ridge_lag,48,2024-11,5.327532866265912,11.516599850388385,-0.2147480126966299,616
ridge_lag,48,2024-12,3.4820200664742114,4.284266003760591,-0.21229964689768765,569
ridge_lag,72,2024-01,3.994372876522341,4.591983881750879,-0.17987580890383015,530
ridge_lag,72,2024-02,4.339900708569071,5.6063996601787,-0.11623801568686232,560
ridge_lag,72,2024-03,4.229579642765313,5.3894618512481465,-0.19306241678225788,633
ridge_lag,72,2024-04,3.8502135940439257,4.488279377132127,-0.08862797046937887,646
ridge_lag,72,2024-05,3.3232383633054634,4.023260084277758,-0.12120682401702432,643
ridge_lag,72,2024-06,3.215495968057748,3.8486518934142357,-0.1154910500711368,710
ridge_lag,72,2024-07,4.082107009243393,6.683311669419071,-0.11330562919046638,734
ridge_lag,72,2024-08,4.4844212288309,5.346684776376329,-0.1166381572331594,734
ridge_lag,72,2024-09,2.6952283329152826,3.005166199956272,-1.0307666760476288,693
ridge_lag,72,2024-10,4.3758237383893155,5.3517961866697235,-0.10551543141727904,662
ridge_lag,72,2024-11,4.4041157449668535,9.040804011314155,-0.12229160756442425,618
ridge_lag,72,2024-12,3.6016839698615937,4.520403350784419,-0.11025722281030403,545
rolling_mean_168h,1,2024-01,3.648334534247663,4.520517904198123,-0.07783708774292708,698
rolling_mean_168h,1,2024-02,4.275667505739246,5.654092238342519,-0.11826686062227854,677
rolling_mean_168h,1,2024-03,3.507799500504521,5.203042025328308,-0.13093548392198695,725
rolling_mean_168h,1,2024-04,3.141637696008978,4.042764351612685,-0.03309449632509631,710
rolling_mean_168h,1,2024-05,3.253210183855127,4.034584423352841,-0.05391487846730647,729
rolling_mean_168h,1,2024-06,3.3061350649584993,4.146280486374634,-0.25342711200487567,719
rolling_mean_168h,1,2024-07,4.164641846858101,6.716873384194708,-0.13997715277745026,743
rolling_mean_168h,1,2024-08,4.994834254774435,5.849520428633208,-0.2653654770317999,743
rolling_mean_168h,1,2024-09,1.7163743615916838,2.2278935479193915,0.004293821850987478,717
rolling_mean_168h,1,2024-10,3.6197673785492226,5.173336013136964,-0.10228137295746653,734
rolling_mean_168h,1,2024-11,5.2266491297264155,12.566590408014234,-0.03743302446261909,708
rolling_mean_168h,1,2024-12,3.0501949470340786,4.131996341624559,-0.0664410564001523,725
rolling_mean_168h,6,2024-01,3.782734876552507,4.661140726956698,-0.14386328859093345,698
rolling_mean_168h,6,2024-02,4.354570157177249,5.757569249618841,-0.16442997053668074,677
rolling_mean_168h,6,2024-03,3.5530161065972665,5.279940649162541,-0.16607172761961153,725
rolling_mean_168h,6,2024-04,3.232388706822877,4.1384618702199845,-0.07338544022999693,710
rolling_mean_168h,6,2024-05,3.3071907616707454,4.09661155360459,-0.09424724876469504,729
rolling_mean_168h,6,2024-06,3.405423672325526,4.251080471086212,-0.30542394489991564,719
rolling_mean_168h,6,2024-07,4.258953910099432,6.857268487832147,-0.1968146163795852,743
rolling_mean_168h,6,2024-08,5.129432569201147,5.9862507898686435,-0.3205545029246668,743
rolling_mean_168h,6,2024-09,1.7601140729611306,2.2696877543218004,-0.025358498797997564,717
rolling_mean_168h,6,2024-10,3.690784828870976,5.272323650308221,-0.14802379538008492,734
rolling_mean_168h,6,2024-11,5.320232068211274,12.669067244439988,-0.0545519706751576,708
rolling_mean_168h,6,2024-12,3.107822364803744,4.218787435278173,-0.10472751164617078,720
rolling_mean_168h,12,2024-01,3.9604721856846252,4.8749573687095324,-0.18964415839635151,698
rolling_mean_168h,12,2024-02,4.33925493846864,5.747043449233877,-0.2043191729849605,677
rolling_mean_168h,12,2024-03,3.591599099187536,5.333991271400808,-0.1905398697513443,725
rolling_mean_168h,12,2024-04,3.3821035003772995,4.351553251320549,-0.09569885224797647,710
rolling_mean_168h,12,2024-05,3.284404952863573,4.016348191914312,-0.14548076847871183,729
rolling_mean_168h,12,2024-06,3.505880051440929,4.347220706003571,-0.3498488843198917,719
rolling_mean_168h,12,2024-07,4.340359103461986,6.9643097742593945,-0.24386873614536997,743
rolling_mean_168h,12,2024-08,5.2393359742733345,6.104185176951668,-0.3759304608560279,743
rolling_mean_168h,12,2024-09,1.8198322527129778,2.32557437677247,-0.08344882190584135,717
rolling_mean_168h,12,2024-10,3.770042673998606,5.357063044602444,-0.18555927613049872,734
rolling_mean_168h,12,2024-11,5.3393237968680545,12.645183255464964,-0.05058618978333507,708
rolling_mean_168h,12,2024-12,3.1380834384395384,4.282184645157268,-0.13410728608909706,714
rolling_mean_168h,24,2024-01,4.132410174787429,5.07195630785476,-0.21813248990337186,698
rolling_mean_168h,24,2024-02,4.253843144546006,5.708854682336768,-0.24539317636908242,677
rolling_mean_168h,24,2024-03,3.6327744048432353,5.390671323715017,-0.20119893773676378,725
rolling_mean_168h,24,2024-04,3.475790377484003,4.486507840674513,-0.14647791625226203,710
rolling_mean_168h,24,2024-05,3.305303498378364,4.018487280354268,-0.18756915648429295,729
rolling_mean_168h,24,2024-06,3.652988918348481,4.46668131485984,-0.4060304000750601,719
rolling_mean_168h,24,2024-07,4.509441166215924,7.148823777651,-0.30234639428930743,743
rolling_mean_168h,24,2024-08,5.33002728920164,6.214544582634106,-0.4708861175141046,743
rolling_mean_168h,24,2024-09,1.9475822483498175,2.4502266540931723,-0.23054634423839282,717
rolling_mean_168h,24,2024-10,3.885999446546718,5.444951610304287,-0.2208707628870401,734
rolling_mean_168h,24,2024-11,5.392601162877621,12.651850970159042,-0.05226684174350882,708
rolling_mean_168h,24,2024-12,3.220431400735709,4.421926782808821,-0.1902036217057652,702
rolling_mean_168h,48,2024-01,4.14822379797332,5.1023689404558965,-0.16810995660650607,698
rolling_mean_168h,48,2024-02,4.068498959422842,5.559149873522678,-0.23616742630887244,666
rolling_mean_168h,48,2024-03,3.717159376578741,5.489749298670491,-0.1777706397982215,736
rolling_mean_168h,48,2024-04,3.5283496925026885,4.529223314326917,-0.17918797405193665,710
rolling_mean_168h,48,2024-05,3.2840280547397294,3.9874301946586153,-0.2609484847583574,729
rolling_mean_168h,48,2024-06,3.7392148397423313,4.500457853057694,-0.41362613432753137,719
rolling_mean_168h,48,2024-07,4.778163728781622,7.376179779796264,-0.36447929502126764,743
rolling_mean_168h,48,2024-08,5.334535821646459,6.226999873586405,-0.5627233192246499,743
rolling_mean_168h,48,2024-09,2.084866919561827,2.587243694694134,-0.4176305520496286,716
rolling_mean_168h,48,2024-10,4.0212735299009434,5.463143562925164,-0.2029597060637356,735
rolling_mean_168h,48,2024-11,5.253405463783218,12.588411007576052,-0.04467460873063267,707
rolling_mean_168h,48,2024-12,3.267645095973657,4.530191862636947,-0.2112743350698838,679
rolling_mean_168h,72,2024-01,4.092964089282771,5.025830354820072,-0.11948410052407055,699
rolling_mean_168h,72,2024-02,4.169621060044676,5.624878201228088,-0.23704584595629985,659
rolling_mean_168h,72,2024-03,3.712993924994017,5.4649651565781365,-0.19016731756271366,743
rolling_mean_168h,72,2024-04,3.6284589762181887,4.631368083966433,-0.22944479238664717,710
rolling_mean_168h,72,2024-05,3.375334835155702,4.12247038927629,-0.21780754672075142,729
rolling_mean_168h,72,2024-06,3.593970637108458,4.276723820095312,-0.3733583126558413,719
rolling_mean_168h,72,2024-07,4.9085800375791395,7.360621694526551,-0.3644289971472616,743
rolling_mean_168h,72,2024-08,5.268104067772933,6.216332430926249,-0.5147106394358409,743
rolling_mean_168h,72,2024-09,2.2056560239813825,2.6781879420183765,-0.4776968022637209,716
rolling_mean_168h,72,2024-10,3.876254424781833,5.33994841681294,-0.1393106345404922,735
rolling_mean_168h,72,2024-11,5.173198210321636,12.43347738644073,-0.020475556577734588,707
rolling_mean_168h,72,2024-12,3.2421696508660225,4.576620477777274,-0.21027658140551098,655
rolling_mean_24h,1,2024-01,2.6858332907140334,3.5481494949225967,0.34074566895208247,691
rolling_mean_24h,1,2024-02,3.0140964223682465,4.443363844765018,0.3093731948168441,677
rolling_mean_24h,1,2024-03,2.895269694670979,4.470516019785378,0.16509228520641162,725
rolling_mean_24h,1,2024-04,2.333659892751914,3.354696139375012,0.2886397876358193,710
rolling_mean_24h,1,2024-05,2.5743584948558107,3.625946405703428,0.14876262874963653,729
rolling_mean_24h,1,2024-06,2.070618789179819,2.719514885744399,0.4607817165772069,719
rolling_mean_24h,1,2024-07,3.106537221799598,5.624025148891112,0.2007984233875436,743
rolling_mean_24h,1,2024-08,2.496260386798525,3.6642144127345926,0.503479465044038,743
rolling_mean_24h,1,2024-09,1.3075462649048242,1.8670390628010187,0.30072316862914383,717
rolling_mean_24h,1,2024-10,2.3542906460222244,3.5370024444406845,0.484745475471429,734
rolling_mean_24h,1,2024-11,4.892490076776942,12.742696908923108,-0.06671365689282438,708
rolling_mean_24h,1,2024-12,2.141764881143007,2.997101563484227,0.4389262892238953,725
rolling_mean_24h,6,2024-01,3.25152655528699,4.241397891533589,0.06562249113711849,686
rolling_mean_24h,6,2024-02,3.597767271551165,5.247700585255163,0.03267340037213928,677
rolling_mean_24h,6,2024-03,3.4907105530296785,5.217611433165057,-0.13870348656522857,725
rolling_mean_24h,6,2024-04,2.7198870504852604,3.8163698995187887,0.08719353493479065,710
rolling_mean_24h,6,2024-05,2.967700486232558,4.1407012160483,-0.11792760451846562,729
rolling_mean_24h,6,2024-06,2.436526299610973,3.1480992462819217,0.28410430109982043,719
rolling_mean_24h,6,2024-07,3.5729308083172406,6.318893867373671,-0.016264367056472384,743
rolling_mean_24h,6,2024-08,3.0484264975520317,4.387140472368961,0.29073325721666343,743
rolling_mean_24h,6,2024-09,1.5157987001174194,2.1392950772328976,0.08907024125816987,717
rolling_mean_24h,6,2024-10,2.793602381260093,4.115530800987962,0.3004826704738073,734
rolling_mean_24h,6,2024-11,5.290253197269699,13.303878416682398,-0.16288090563684965,708
rolling_mean_24h,6,2024-12,2.5733210352420945,3.4869488152101065,0.2453057750626506,720
rolling_mean_24h,12,2024-01,3.8332210279260877,4.9389831832405235,-0.1970978548449429,680
rolling_mean_24h,12,2024-02,4.1032589163101685,5.798139728523863,-0.22582928857962448,677
rolling_mean_24h,12,2024-03,3.8942661490142765,5.713572928292878,-0.36601319004270905,725
rolling_mean_24h,12,2024-04,3.084537841926927,4.228187506321777,-0.03445375154514152,710
rolling_mean_24h,12,2024-05,3.1854475611387434,4.344369863076352,-0.3402279605201326,729
rolling_mean_24h,12,2024-06,2.7557543941867735,3.52283716368786,0.11356496800142901,719
rolling_mean_24h,12,2024-07,3.9475649540640174,6.729647549073767,-0.1614567186497684,743
rolling_mean_24h,12,2024-08,3.62596126650672,5.019086170391762,0.0697698973390043,743
rolling_mean_24h,12,2024-09,1.66887070403875,2.3037292845113138,-0.06318984604526334,717
rolling_mean_24h,12,2024-10,3.1774921857010026,4.6031086795286145,0.1246691890574021,734
rolling_mean_24h,12,2024-11,5.474498825988006,13.166339295004118,-0.13896798742289396,708
rolling_mean_24h,12,2024-12,2.9163503110517217,3.840175295865737,0.0879356941006425,714
rolling_mean_24h,24,2024-01,4.4697252500149105,5.646558925390411,-0.4668301664694836,668
rolling_mean_24h,24,2024-02,4.72809876989116,6.352288312154726,-0.5419450878969245,677
rolling_mean_24h,24,2024-03,4.304662745042988,6.077858145967982,-0.526969465031917,725
rolling_mean_24h,24,2024-04,3.5108311670953287,4.614875545581991,-0.21302239338462803,710
rolling_mean_24h,24,2024-05,3.272758458869393,4.335228380843514,-0.38215794929928104,729
rolling_mean_24h,24,2024-06,3.417170713148294,4.231627500083184,-0.26194270266087427,719
rolling_mean_24h,24,2024-07,4.477230479645776,7.044358452279117,-0.2645622780306267,743
rolling_mean_24h,24,2024-08,4.473202181715334,5.826333351660484,-0.2928587859746197,743
rolling_mean_24h,24,2024-09,1.8671819729953714,2.4257810034968794,-0.20611477099454567,717
rolling_mean_24h,24,2024-10,3.7710045594041857,5.450015889246264,-0.22314285117107113,734
rolling_mean_24h,24,2024-11,5.634537568338626,12.958080154372073,-0.10382207286658507,708
rolling_mean_24h,24,2024-12,3.435088412616845,4.573452931652998,-0.2731705972557845,702
rolling_mean_24h,48,2024-01,4.616757905895801,6.233770699558442,-0.6779210450769149,666
rolling_mean_24h,48,2024-02,5.3274005843820085,6.9385029628404045,-0.9257153237622817,666
rolling_mean_24h,48,2024-03,4.556035718906087,6.740990667004899,-0.7758372096730455,736
rolling_mean_24h,48,2024-04,3.550167074852035,4.691821704345395,-0.26537302771978655,710
rolling_mean_24h,48,2024-05,3.880473473571794,4.936249341330335,-0.9324369600068443,729
rolling_mean_24h,48,2024-06,3.848632233778799,4.9638792257494355,-0.7197431189514392,719
rolling_mean_24h,48,2024-07,5.5092262078920164,8.079897103791732,-0.6372523548449911,743
rolling_mean_24h,48,2024-08,5.605160849084206,6.8287648574570055,-0.8793544466537135,743
rolling_mean_24h,48,2024-09,2.03038284533457,2.5570951356644787,-0.3847843987849664,716
rolling_mean_24h,48,2024-10,4.826330888745485,6.64062975517255,-0.7773967765637275,735
rolling_mean_24h,48,2024-11,5.895360060352844,13.573511131571166,-0.21457298706092964,707
rolling_mean_24h,48,2024-12,3.70855903661126,5.152878008075568,-0.5671445106494466,679
rolling_mean_24h,72,2024-01,5.120997599594775,6.778993832573107,-0.9518189992650836,667
rolling_mean_24h,72,2024-02,5.17675780639157,7.293810003587894,-1.0800244592882522,659
rolling_mean_24h,72,2024-03,4.398174549915862,6.868027854550522,-0.8797380009871871,743
rolling_mean_24h,72,2024-04,4.303041056868752,5.426296022925917,-0.687708351223361,710
rolling_mean_24h,72,2024-05,4.259266001053533,5.15572924695446,-0.9047754101516503,729
rolling_mean_24h,72,2024-06,3.7736554141218686,5.023987086321489,-0.8952149707291008,719
rolling_mean_24h,72,2024-07,5.8039744133653235,8.376993332299959,-0.7672512004935204,743
rolling_mean_24h,72,2024-08,5.868942375212125,7.403745048434869,-1.1486423128031906,743
rolling_mean_24h,72,2024-09,2.216820891388993,2.8244410982748587,-0.6434945840580797,716
rolling_mean_24h,72,2024-10,5.308722945323433,7.194075908021673,-1.0678453681571876,735
rolling_mean_24h,72,2024-11,6.1920633059879675,13.817961272327585,-0.26039110980209235,707
rolling_mean_24h,72,2024-12,4.113171086739313,5.388540127413399,-0.6777879599803938,655
seasonal_naive_daily,1,2024-01,4.213095238095238,5.411318330261913,-0.5112060762501094,672
seasonal_naive_daily,1,2024-02,4.779711246200608,6.90402645613347,-0.6768347971348632,658
seasonal_naive_daily,1,2024-03,4.4359065155807365,6.736843489224036,-0.8597627668894301,706
seasonal_naive_daily,1,2024-04,3.5955714285714286,4.92432809049693,-0.5303048793666376,700
seasonal_naive_daily,1,2024-05,3.5316526610644257,4.957048005615034,-0.6077860997135691,714
seasonal_naive_daily,1,2024-06,3.022423398328691,3.9005615266062943,-0.10842464719111322,718
seasonal_naive_daily,1,2024-07,4.600539083557952,7.87754322942987,-0.5659356172094119,742
seasonal_naive_daily,1,2024-08,4.147641509433963,5.685316181256987,-0.1956496918588131,742
seasonal_naive_daily,1,2024-09,1.9483193277310924,2.661655831377506,-0.4458927885528039,714
seasonal_naive_daily,1,2024-10,3.4191298342541434,5.13844147588595,-0.07943638842016965,724
seasonal_naive_daily,1,2024-11,6.407327586206897,17.729287737474422,-1.0337511646374966,696
seasonal_naive_daily,1,2024-12,3.3295615275813297,4.616485434310943,-0.3170100893776988,707
seasonal_naive_daily,6,2024-01,4.481109445277361,5.76976688394362,-0.7075777577733073,667
seasonal_naive_daily,6,2024-02,5.180955993930198,7.266969831443347,-0.9086464345574861,659
seasonal_naive_daily,6,2024-03,4.631798866855524,6.959315449794257,-0.9796637932643297,706
seasonal_naive_daily,6,2024-04,3.8115714285714284,5.132205735771484,-0.6414970452009319,700
seasonal_naive_daily,6,2024-05,3.722128851540616,5.158790870863029,-0.7766268550579281,714
seasonal_naive_daily,6,2024-06,3.405431754874652,4.225645440306916,-0.28867744896598424,718
seasonal_naive_daily,6,2024-07,4.81900269541779,8.38406185935287,-0.7866913563743136,742
seasonal_naive_daily,6,2024-08,4.510040431266846,6.0192024818509156,-0.3361273207334028,742
seasonal_naive_daily,6,2024-09,2.127591036414566,2.808051648674691,-0.587965884130232,714
seasonal_naive_daily,6,2024-10,3.7355662983425417,5.622068603880634,-0.298906610976603,724
seasonal_naive_daily,6,2024-11,6.438936781609195,17.4110650674107,-0.9611751004597093,696
seasonal_naive_daily,6,2024-12,3.6866096866096867,4.973392165276093,-0.5163640209119753,702
seasonal_naive_daily,12,2024-01,4.803479576399395,6.140770475048832,-0.8206515302780204,661
seasonal_naive_daily,12,2024-02,5.279863221884499,7.260208461173552,-1.0603102593058096,658
seasonal_naive_daily,12,2024-03,4.697733711048159,6.881087827399478,-0.9365702742290185,706
seasonal_naive_daily,12,2024-04,3.9263571428571424,5.278094556073919,-0.611080612395972,700
seasonal_naive_daily,12,2024-05,3.875210084033613,5.289023303692545,-0.9945339513084739,714
seasonal_naive_daily,12,2024-06,3.721727019498607,4.671527429404314,-0.5584163790505412,718
seasonal_naive_daily,12,2024-07,5.003638814016172,8.192572732569218,-0.720099177618313,742
seasonal_naive_daily,12,2024-08,4.984973045822103,6.411572726312776,-0.517967124380889,742
seasonal_naive_daily,12,2024-09,2.1642857142857146,2.8418220178175098,-0.6195385105692943,714
seasonal_naive_daily,12,2024-10,3.865883977900552,5.816490417208702,-0.383995166056615,724
seasonal_naive_daily,12,2024-11,5.986278735632184,15.817380840010491,-0.808329073382613,696
seasonal_naive_daily,12,2024-12,3.7662356321839074,5.147586199196757,-0.609726646300788,696
seasonal_naive_daily,24,2024-01,4.902453987730061,6.32537008786571,-0.801966657497108,652
seasonal_naive_daily,24,2024-02,5.42272036474164,7.287112588564791,-1.0177668131129085,658
seasonal_naive_daily,24,2024-03,4.797379603399433,7.013734250049087,-0.9879081630268898,706
seasonal_naive_daily,24,2024-04,3.952857142857143,5.407307885762431,-0.6641447987852382,700
seasonal_naive_daily,24,2024-05,3.926783216783216,5.249264683770454,-1.0162993939025773,715
seasonal_naive_daily,24,2024-06,4.038300835654596,5.164597857591689,-0.8776111358615395,718
seasonal_naive_daily,24,2024-07,5.379245283018868,8.287679616345011,-0.750301264312349,742
seasonal_naive_daily,24,2024-08,5.609366576819406,6.943899424554537,-0.8357857434698479,742
seasonal_naive_daily,24,2024-09,2.116106442577031,2.750691280570832,-0.5514389905818096,714
seasonal_naive_daily,24,2024-10,4.166367403314917,6.261488060741363,-0.6084350068935185,724
seasonal_naive_daily,24,2024-11,6.8147988505747135,17.815790329296963,-1.0533642977229691,696
seasonal_naive_daily,24,2024-12,3.8923976608187134,5.475282042990333,-0.7919025743245665,684
seasonal_naive_daily,48,2024-01,5.282515337423314,7.041877364014226,-1.0966872466849624,652
seasonal_naive_daily,48,2024-02,5.429752704791345,7.645719120235403,-1.3091471151357625,647
seasonal_naive_daily,48,2024-03,4.757740585774059,7.626292788867613,-1.2562975821994433,717
seasonal_naive_daily,48,2024-04,4.238642857142858,5.519837924639248,-0.7343274533044173,700
seasonal_naive_daily,48,2024-05,4.36750700280112,5.812808830384794,-1.670016975830205,714
seasonal_naive_daily,48,2024-06,4.243802228412257,5.500746657345786,-1.110188185751603,718
seasonal_naive_daily,48,2024-07,6.050741239892184,9.213246901261892,-1.1259532953479812,742
seasonal_naive_daily,48,2024-08,6.063544474393531,7.601066787450143,-1.3258263422008385,742
seasonal_naive_daily,48,2024-09,2.280785413744741,2.9589702446688957,-0.8999593707426052,713
seasonal_naive_daily,48,2024-10,5.074206896551725,7.130344577445289,-1.0337031045706264,725
seasonal_naive_daily,48,2024-11,5.866258992805755,13.919948808100692,-0.3655983927975228,695
seasonal_naive_daily,48,2024-12,4.2126323751891075,5.898300673250952,-1.0484214336923952,661
seasonal_naive_daily,72,2024-01,5.5748085758039805,7.340067358057891,-1.2864207609869163,653
seasonal_naive_daily,72,2024-02,5.41578125,8.068777594840498,-1.4766234832391656,640
seasonal_naive_daily,72,2024-03,4.873135359116022,7.635746887165779,-1.3879043310853607,724
seasonal_naive_daily,72,2024-04,4.838642857142856,6.246861783556375,-1.2129530198822787,700
seasonal_naive_daily,72,2024-05,4.385014005602241,5.658840781608601,-1.2983448176343821,714
seasonal_naive_daily,72,2024-06,4.111072423398329,5.359418531113562,-1.1576624160837339,718
seasonal_naive_daily,72,2024-07,6.281199460916443,9.652728026614815,-1.3433559713862122,742
seasonal_naive_daily,72,2024-08,6.392654986522911,7.958794022407234,-1.4795470149353882,742
seasonal_naive_daily,72,2024-09,2.499789621318373,3.2161131184183858,-1.127515930326358,713
seasonal_naive_daily,72,2024-10,5.388344827586207,7.543759467039742,-1.273331994899682,725
seasonal_naive_daily,72,2024-11,6.90525179856115,17.85539748715946,-1.0700783594384506,695
seasonal_naive_daily,72,2024-12,4.3576138147566725,5.713137934178121,-0.8634295310264066,637
seasonal_naive_weekly,1,2024-01,5.575230061349693,7.27042157704596,-1.7473191414548248,652
seasonal_naive_weekly,1,2024-02,5.067713004484305,7.372533663256109,-0.9050869088777638,669
seasonal_naive_weekly,1,2024-03,4.286690647482015,6.78485644493804,-0.8647345990314566,695
seasonal_naive_weekly,1,2024-04,4.376571428571428,5.937163223531684,-1.2822685951639348,700
seasonal_naive_weekly,1,2024-05,4.0890056022408965,5.387184905354724,-0.8503868457678536,714
seasonal_naive_weekly,1,2024-06,4.597841225626741,5.681764494555169,-1.3538710838924026,718
seasonal_naive_weekly,1,2024-07,5.912533692722373,9.483186284283668,-1.2693183822509346,742
seasonal_naive_weekly,1,2024-08,6.587533692722373,7.995205141587344,-1.3636955535053978,742
seasonal_naive_weekly,1,2024-09,3.0803221288515403,3.9402651910639674,-2.1028436344634467,714
seasonal_naive_weekly,1,2024-10,4.473113854595336,6.49550651899231,-0.728828972526131,729
seasonal_naive_weekly,1,2024-11,6.971098265895954,18.145508130606842,-1.1205073646567354,692
seasonal_naive_weekly,1,2024-12,3.6391796322489385,5.053128625999054,-0.5723946205806574,707
seasonal_naive_weekly,6,2024-01,5.428911042944785,7.0824447596155755,-1.5933070043755921,652
seasonal_naive_weekly,6,2024-02,4.840433482810164,7.152388094608985,-0.7990403059089959,669
seasonal_naive_weekly,6,2024-03,4.21158273381295,6.598024829801436,-0.7822915715424656,695
seasonal_naive_weekly,6,2024-04,4.487285714285714,6.131120265847483,-1.3796291175203983,700
seasonal_naive_weekly,6,2024-05,4.145588235294118,5.475346771566853,-0.9329753114083865,714
seasonal_naive_weekly,6,2024-06,4.57374651810585,5.622496038163508,-1.2824309080623153,718
seasonal_naive_weekly,6,2024-07,5.928032345013477,9.396891153052593,-1.2449816753574132,742
seasonal_naive_weekly,6,2024-08,6.446967654986523,7.765406606058204,-1.221910498770931,742
seasonal_naive_weekly,6,2024-09,3.0997899159663866,3.9325533041773353,-2.0653835920176347,714
seasonal_naive_weekly,6,2024-10,4.350891632373114,6.347968794735056,-0.655639250399801,729
seasonal_naive_weekly,6,2024-11,6.850072358900144,17.921618618107818,-1.0622805378761284,691
seasonal_naive_weekly,6,2024-12,3.6597578347578343,5.044659174050927,-0.5483934547177325,702
seasonal_naive_weekly,12,2024-01,5.194861963190184,6.915150467024929,-1.3345440654116238,652
seasonal_naive_weekly,12,2024-02,4.753363228699552,7.054103852788055,-0.8003694741033149,669
seasonal_naive_weekly,12,2024-03,4.156474820143885,6.660573624485675,-0.820406165559536,695
seasonal_naive_weekly,12,2024-04,4.669071428571429,6.3755321906712785,-1.3335643132334658,700
seasonal_naive_weekly,12,2024-05,4.177380952380952,5.567660912736666,-1.1868625690506662,714
seasonal_naive_weekly,12,2024-06,4.429178272980502,5.533818225277898,-1.1873678598270754,718
seasonal_naive_weekly,12,2024-07,5.949730458221024,9.46848653147722,-1.2982793683189233,742
seasonal_naive_weekly,12,2024-08,6.1351078167115904,7.445178119005594,-1.0442087506740996,742
seasonal_naive_weekly,12,2024-09,3.1953081232493,4.099344502495498,-2.35343910641458,714
seasonal_naive_weekly,12,2024-10,4.086968449931413,5.944542516786472,-0.45523939148141146,729
seasonal_naive_weekly,12,2024-11,6.598842257597685,17.24425636881622,-0.9089424190892947,691
seasonal_naive_weekly,12,2024-12,3.5348419540229883,5.010729507881005,-0.5510128874730746,696
seasonal_naive_weekly,24,2024-01,4.754371165644172,6.558920949241949,-1.0236159489749697,652
seasonal_naive_weekly,24,2024-02,4.623318385650224,6.745634141435825,-0.719801478908187,669
seasonal_naive_weekly,24,2024-03,4.438345323741006,6.764803378384434,-0.8778484496165488,695
seasonal_naive_weekly,24,2024-04,4.427928571428572,6.1538138580883315,-1.1473159441386245,700
seasonal_naive_weekly,24,2024-05,3.9557422969187668,5.372239699022513,-1.0841888634233068,714
seasonal_naive_weekly,24,2024-06,4.0389275766016715,5.1554873138139845,-0.872301237409534,718
seasonal_naive_weekly,24,2024-07,5.906738544474393,9.514953474538986,-1.3048259478484145,742
seasonal_naive_weekly,24,2024-08,5.475808625336927,6.982166588498285,-0.8698242217060708,742
seasonal_naive_weekly,24,2024-09,3.380322128851541,4.333409151459112,-2.8382229066296008,714
seasonal_naive_weekly,24,2024-10,3.7679452054794518,5.40867517265436,-0.21566961577894928,730
seasonal_naive_weekly,24,2024-11,6.497105643994211,16.011483306818118,-0.6517345590539325,691
seasonal_naive_weekly,24,2024-12,3.2689781021897812,4.8096219709712775,-0.42995139211631295,685
seasonal_naive_weekly,48,2024-01,4.911426380368098,6.921294771863022,-1.3383819550287406,652
seasonal_naive_weekly,48,2024-02,4.682978723404255,6.876797361075049,-0.8694205001299675,658
seasonal_naive_weekly,48,2024-03,5.368909348441926,7.494641853723281,-1.1524118472243852,706
seasonal_naive_weekly,48,2024-04,4.128214285714286,5.854531517185153,-0.9532850209559758,700
seasonal_naive_weekly,48,2024-05,4.110714285714286,5.615957094711092,-1.5212042419756764,714
seasonal_naive_weekly,48,2024-06,3.861281337047354,4.657256894646226,-0.514110348700757,718
seasonal_naive_weekly,48,2024-07,5.690902964959569,8.838456044811485,-0.9587735892423723,742
seasonal_naive_weekly,48,2024-08,5.044811320754717,6.803660868454424,-0.8655231353892074,742
seasonal_naive_weekly,48,2024-09,3.4512622720897617,4.446748579723875,-3.175686550917618,713
seasonal_naive_weekly,48,2024-10,3.6211643835616436,5.179321040286667,-0.08267840052712194,730
seasonal_naive_weekly,48,2024-11,6.55123188405797,16.969112071430068,-0.8581442043830774,690
seasonal_naive_weekly,48,2024-12,3.282450832072618,4.440153395831882,-0.38898598872872436,661
seasonal_naive_weekly,72,2024-01,4.661162079510704,6.553122723648067,-1.635966511783311,654
seasonal_naive_weekly,72,2024-02,5.43110599078341,7.8528901701588545,-1.4245418693544813,651
seasonal_naive_weekly,72,2024-03,5.4148667601683025,7.643989471150723,-1.2683807726444667,713
seasonal_naive_weekly,72,2024-04,4.798928571428571,6.275597581107316,-1.2302103534016435,700
seasonal_naive_weekly,72,2024-05,4.249859943977591,5.898705526702982,-1.4662457328676286,714
seasonal_naive_weekly,72,2024-06,4.004317548746519,5.057433371976116,-0.9329104278655145,718
seasonal_naive_weekly,72,2024-07,5.223787061994609,8.56965651605912,-0.8470076195965015,742
seasonal_naive_weekly,72,2024-08,5.395080862533693,7.079413084616656,-0.9717609405912098,742
seasonal_naive_weekly,72,2024-09,3.539831697054698,4.409693039982757,-3.0732187916854343,713
seasonal_naive_weekly,72,2024-10,4.2126027397260275,6.304449396400991,-0.5784585583133595,730
seasonal_naive_weekly,72,2024-11,6.450289435600579,17.09295508692026,-0.9041362878430212,691
seasonal_naive_weekly,72,2024-12,3.7909733124018845,5.109607489525714,-0.48901865275505707,637
